{
  "database_name": "TRAIN_250k",
  "query_name": "eval_500",
  "model_name": "facebook/esm2_t6_8M_UR50D",
  "max_size": 512,
  "max_entries": 500,
  "top_k": 5,
  "pfam_batch_size": 50,
  "observed_proteins": 483,
  "metrics": {
    "top_1": {
      "accuracy": 0.3022774327122153,
      "precision": 0.16687228690334285,
      "recall": 0.2437641723356009,
      "matched_proteins": 146
    },
    "top_5": {
      "accuracy": 0.4409937888198758,
      "precision": 0.09299737344818952,
      "recall": 0.36233362910381545,
      "matched_proteins": 213
    }
  }
}