{
  "database_name": "TRAIN_10M_psize_512",
  "query_name": "eval_500",
  "model_name": "facebook/esm2_t6_8M_UR50D",
  "max_size": 512,
  "max_entries": 500,
  "top_k": 5,
  "pfam_batch_size": 50,
  "observed_proteins": 238,
  "metrics": {
    "top_1": {
      "accuracy": 0.5588235294117647,
      "precision": 0.5302521008403361,
      "recall": 0.5392156862745099,
      "matched_proteins": 133
    },
    "top_5": {
      "accuracy": 0.6470588235294118,
      "precision": 0.41262671735360823,
      "recall": 0.6348039215686275,
      "matched_proteins": 154
    }
  }
}