{
  "database_name": "TRAIN_10M",
  "query_name": "eval_500",
  "model_name": "facebook/esm2_t6_8M_UR50D",
  "max_size": 1024,
  "max_entries": 500,
  "top_k": 5,
  "pfam_batch_size": 50,
  "observed_proteins": 238,
  "metrics": {
    "top_1": {
      "accuracy": 0.5630252100840336,
      "precision": 0.534453781512605,
      "recall": 0.5490196078431373,
      "matched_proteins": 134
    },
    "top_5": {
      "accuracy": 0.6428571428571429,
      "precision": 0.4553939757721269,
      "recall": 0.6355042016806722,
      "matched_proteins": 153
    }
  }
}